個室	0	0	0	0	0	0	0	0	0	0	0	0	0%	0	0	0	0	0	0
半個室	0	0	0	0	0	0	0	0	0	0	0	0	0%	0	0	0	0	0	0
鬼塚 祐介	1,086,800	28,300	0	1,058,500	57,100	0	0	57,100	1,143,900	28,300	0	1,115,600	13.1%	1	0	76	8	0	85
大庭 康敏	1,885,800	109,250	0	1,776,550	94,900	0	0	94,900	1,980,700	109,250	0	1,871,450	22%	1	0	135	4	0	140
永尾 和徳	1,621,100	22,700	0	1,598,400	72,950	0	0	72,950	1,694,050	22,700	0	1,671,350	19.7%	2	1	114	20	0	137
中嶋 翔也	1,051,000	72,100	0	978,900	75,500	0	0	75,500	1,126,500	72,100	0	1,054,400	12.4%	5	0	68	6	0	79
成田 和樹	1,311,100	108,200	0	1,202,900	221,200	0	0	221,200	1,532,300	108,200	0	1,424,100	16.8%	10	2	64	9	0	85
金子 直樹	1,258,500	89,875	0	1,168,625	58,800	0	0	58,800	1,317,300	89,875	0	1,227,425	14.4%	16	5	55	11	0	87
川本 伊津美	0	0	0	0	0	0	0	0	0	0	0	0	0%	0	0	0	0	0	0
松村 光留	134,900	22,240	0	112,660	7,600	0	0	7,600	142,500	22,240	0	120,260	1.4%	2	1	7	4	0	14
ATENA 天神	0	0	0	0	0	0	0	0	0	0	0	0	0%	0	0	0	0	0	0
宮原 朋子	0	0	0	0	0	0	0	0	0	0	0	0	0%	0	0	0	0	0	0
祝 マキ子	0	0	0	0	0	0	0	0	0	0	0	0	0%	0	0	0	0	0	0
廣 茉紀	2,000	0	0	2,000	3,000	0	0	3,000	5,000	0	0	5,000	0.1%	0	0	4	0	0	4
金子 嵩史	4,500	0	0	4,500	0	0	0	0	4,500	0	0	4,500	0.1%	0	0	1	0	0	1
大田 幸奈	1,000	0	0	1,000	0	0	0	0	1,000	0	0	1,000	0%	0	0	1	0	0	1
上田 咲季	4,500	0	0	4,500	0	0	0	0	4,500	0	0	4,500	0.1%	0	0	1	0	0	1
合計	8,361,200	452,665	0	7,908,535	591,050	0	0	591,050	8,952,250	452,665	0	8,499,585	-	37	9	526	62	0	634
