名前,社員番号,お店,レベル
宮内正美,1,ATENA,管理者
鬼塚祐介,2,ATENA,管理者
永尾和徳,4,ATENA,スタッフ
中嶋翔也,5,ATENA,スタッフ
成田和樹,6,ATENA,管理者
金子直樹,7,ATENA,スタッフ
松村光留,8,ATENA,シフト担当
金子嵩史,9,ATENA,スタッフ
廣茉紀,10,ATENA,スタッフ
大田幸奈,11,ATENA,スタッフ
川本翔大,12,ATENA六本松,店長
浦田和浩,13,ATENA六本松,スタッフ
宮原朋子,14,ATENA六本松,スタッフ
舩津拓海,15,ATENA六本松,スタッフ
角田はるな,16,ATENA六本松,スタッフ
末成紗乃,17,ATENA六本松,スタッフ
光安瑠華,18,ATENA六本松,スタッフ
中山孝太,19,ATENA六本松,スタッフ
栫美咲,20,ATENA六本松,スタッフ
本山夏帆,21,ATENA六本松,スタッフ
塩手花菜,22,ATENA六本松,スタッフ
白星夕輝,23,ATENA福津,店長
金子新志,24,ATENA福津,スタッフ
今丸亜紀,25,ATENA福津,スタッフ
久保田真実,26,ATENA福津,スタッフ
水永萌子,27,ATENA福津,スタッフ
久保田幸,28,ATENA福津,スタッフ
山崎 晃一郎,29,Organ,店長
山下 展弘,30,Organ,スタッフ
岡 拓也,31,Organ,スタッフ
崎山 由紀子,32,Organ,スタッフ
古賀 絢子,33,Organ,スタッフ
富田 心,34,Organ,スタッフ
田中 俊太郎,35,Organ,スタッフ
馬原 愛,36,Organ,スタッフ
吉田 美由,37,Organ,スタッフ
山口 步美佳,38,Organ,スタッフ
森川 好羽,39,Organ,スタッフ
宮島 鈴佳,40,Organ,スタッフ
薬師寺 希果,41,Organ,スタッフ
山口 遥,42,Organ,スタッフ
髙木 結里亜,43,Organ,スタッフ
北野 由唯,44,Organ,スタッフ
倉重裕嗣,45,ATENA AVEDA SAKURAMACHI,店長
小石原啓介,46,ATENA AVEDA SAKURAMACHI,スタッフ
河原里美,47,ATENA AVEDA SAKURAMACHI,スタッフ
角谷紗弥香,48,ATENA AVEDA SAKURAMACHI,スタッフ
境愛来,49,ATENA AVEDA SAKURAMACHI,スタッフ
松村尊仁,50,ATENA AVEDA SAKURAMACHI,スタッフ
芥川賢志郎,51,ATENA AVEDA SAKURAMACHI,スタッフ
野原未来,52,ATENA AVEDA SAKURAMACHI,スタッフ
冨田栞,53,ATENA AVEDA SAKURAMACHI,スタッフ
斎藤萌絵,54,ATENA AVEDA SAKURAMACHI,スタッフ
今市美結,55,ATENA AVEDA SAKURAMACHI,スタッフ
西帝我,56,ATENA AVEDA SAKURAMACHI,スタッフ
ATENA iPad,57,ATENA,表示専用
ATENA六本松 iPad,58,ATENA六本松,表示専用
ATENA福津 iPad,59,ATENA福津,表示専用
Organ iPad,60,Organ,表示専用
ATENA AVEDA SAKURAMACHI iPad,61,ATENA AVEDA SAKURAMACHI,表示専用
上田咲季,62,ATENA,スタッフ
山田伊紗,63,ATENA,スタッフ
大坪心和,64,ATENA,スタッフ
渡邊李凰,65,ATENA,スタッフ
川本伊津美,66,ATENA六本松,スタッフ
